1,Hatchback,Peugeot,308,GT Line,France,16,1598,165,4253,2043,1457,,5,43,FWD,Petrol,AG Motors Ltd.,,,,,,,,
2,Sedan,Peugeot,508,Allure,France,14,1598,156,4830,2068,1456,,5,56,FWD,Petrol,AG Motors Ltd.,,,,,,,,
3,SUV,Peugeot,2008,Active,France,21,1199,110,4159,2004,1556,,5,39,FWD,Petrol,AG Motors Ltd.,,,,,,,,
4,SUV,Peugeot,2008,Allure,France,21,1199,110,4159,2004,1556,,5,43,FWD,Petrol,AG Motors Ltd.,,,,,,,,
5,SUV,Peugeot,3008,Allure,France,16,1598,165,4447,2098,1624,220,5,61,FWD,Petrol,AG Motors Ltd.,,,,,,,,
6,SUV,Peugeot,3008,GT Line,France,16,1598,165,4447,2098,1624,220,5,66,FWD,Petrol,AG Motors Ltd.,,,,,,,,
7,SUV,Peugeot,5008,Allure,France,16,1598,165,4641,2098,1646,236,7,76,FWD,Petrol,AG Motors Ltd.,,,,,,,,
8,SUV,Peugeot,5008,GT Line,France,16,1598,165,4641,2098,1646,236,7,81,FWD,Petrol,AG Motors Ltd.,,,,,,,,
9,Sedan,Volvo,S90,T5 Momentum,Sweden,,2000,254,4963,1879,1443,,5,120,,Petrol,Eurocars Ltd.,,,,,,,,
10,Sedan,Volvo,S90,T5 Inscription,Sweden,15,2000,254,4963,1879,1443,,5,142,FWD,Petrol,Eurocars Ltd.,,,,,,,,
11,Sedan,Volvo,S90,T6 R Design,Sweden,,2000,254,4963,1879,1443,,5,162,,Petrol,Eurocars Ltd.,,,,,,,,
12,Sedan,Volvo,S90,T6 Inscription,Sweden,13,2000,320,4963,1879,1443,,5,165,AWD,Petrol,Eurocars Ltd.,,,,,,,,
13,SUV,Volvo,XC60,T5 Momentum,Sweden,13,1969,254,4688,2117,1658,,5,125,AWD,Petrol,Eurocars Ltd.,,,,,,,,
14,SUV,Volvo,XC60,T5 R Design,Sweden,13,1969,,4688,2117,1658,,5,130,AWD,Petrol,Eurocars Ltd.,,,,,,,,
15,SUV,Volvo,XC60,T5 Inscription,Sweden,13,1969,,4688,2117,1658,,5,132,AWD,Petrol,Eurocars Ltd.,,,,,,,,
16,SUV,Volvo,XC90,T5 Momentum,Sweden,13,1969,254,4950,2140,1776,,7,160,AWD,Petrol,Eurocars Ltd.,,,,,,,,
17,SUV,Volvo,XC90,T6 Momentum,Sweden,13,1969,320,4950,2140,1776,,7,,AWD,Petrol,Eurocars Ltd.,,,,,,,,
18,SUV,Volvo,XC90,T6 R Design,Sweden,13,1969,320,4950,2140,1776,,7,188,AWD,Petrol,Eurocars Ltd.,,,,,,,,
19,SUV,Volvo,XC90,T6 Inscription,Sweden,,1969,320,4950,2140,1776,,7,190,AWD,Petrol,Eurocars Ltd.,,,,,,,,
20,Pick Up,Ford,Ranger,Single Cabin XL,Thailand,,2198,118,5277,1860,1800,229,3,27,4WD,Diesel,AG Automobiles Ltd. ,,,,,,,,
21,Pick Up,Ford,Ranger,Double Cabin XL,Thailand,,2198,118,5362,1860,1800,232,5,48,4WD,Diesel,AG Automobiles Ltd. ,,,,,,,,
22,SUV,Ford,Ecosport,Titanium Plus,India,14,1497,121,4325,1765,1646,153,5,36,FWD,Petrol,AG Automobiles Ltd. ,,,,,,,,
23,Sedan,Ford,Mustang,Ecoboost Premium,USA,,1498,,,,,,4,175,,Petrol,AG Automobiles Ltd. ,,,,,,,,
24,Sedan,Audi,A3,25 TFSI,Hungary,15,1197,110,,,,,5,46.37,,Petrol,Progress Motors Imports Ltd.,,,,,,,,
25,Sedan,Audi,A4,40 TFSI,Germany,,1984,190,,,,,5,93,,Petrol,Progress Motors Imports Ltd.,,,,,,,,
26,Sedan,Audi,A5,40 TFSI quattro�,Germany,,1984,252,,,,,5,119,,Petrol,Progress Motors Imports Ltd.,,,,,,,,
27,Sedan,Audi,A6,35 TFSI,Germany,,,,,,,,,112,,,Progress Motors Imports Ltd.,,,,,,,,
28,Sedan,Audi,A8,55 TFSI quattro�,Germany,,,,,,,,,,,,Progress Motors Imports Ltd.,,,,,,,,
29,SUV,Audi,Q2,Compact SUV,Belgium,,,,,,,,,,,,Progress Motors Imports Ltd.,,,,,,,,
30,SUV,Audi,Q3,30 TFSI,Spain,16,1395,150,,,,,5,66,,Petrol,Progress Motors Imports Ltd.,,,,,,,,
31,SUV,Audi,Q3,40 TFSI,Spain,12,1984,220,,,,,5,95,,Petrol,Progress Motors Imports Ltd.,,,,,,,,
32,SUV,Audi,Q5,2.0L,Mexico,14,1984,252,,,,,,128,,Petrol,Progress Motors Imports Ltd.,,,,,,,,
33,SUV,Audi,Q7,40 TFSI quattro�,Slovakia,13.5,1984,252,,,,,,168,,Petrol,Progress Motors Imports Ltd.,,,,,,,,
34,SUV,Audi,Q8,3.0L Diesel,Belgium,,3000,286,4999,2011,1710,,,,,Diesel,Progress Motors Imports Ltd.,,,,,,,,
35,Sedan,BMW,3 Series,318i Sedan,,18,1499,136,,,,,5,78,,Petrol,Executive Motors Ltd.,,,,,,,,
36,Sedan,BMW,5 Series,520d Sedan,,22,1995,190,,,,,5,125,,Diesel,Executive Motors Ltd.,,,,,,,,
37,Sedan,BMW,7 Series,750i,,,2000,258,,,,,5,175,RWD,Petrol,Executive Motors Ltd.,,,,,,,,
38,SUV,BMW,X1,sDrive18i,,15,1499,136,,,,,5,95,,Petrol,Executive Motors Ltd.,,,,,,,,
39,SUV,BMW,X3,xDrive 30i,,,1998,252,,,,,,155,,Petrol,Executive Motors Ltd.,,,,,,,,
40,SUV,BMW,X5,xDrive40e,,,1997,241,4886,2184,1762,,5,,,Petrol,Executive Motors Ltd.,,,,,,,,
41,SUV,BMW,X5,xDrive35i,,,2979,302,4886,2184,1762,,5,,,Petrol,Executive Motors Ltd.,,,,,,,,
42,SUV,BMW,X5,xDrive50i,,,4395,450,4886,2184,1762,,5,,,Petrol,Executive Motors Ltd.,,,,,,,,
43,SUV,BMW,X5,sDrive25d,,,1995,231,4886,2184,1762,,5,,,Diesel,Executive Motors Ltd.,,,,,,,,
44,SUV,BMW,X5,xDrive25d,,,1995,231,4886,2184,1762,,5,,,Diesel,Executive Motors Ltd.,,,,,,,,
45,SUV,BMW,X5,xDrive30d,,,2993,258,4886,2184,1762,,5,,,Diesel,Executive Motors Ltd.,,,,,,,,
46,SUV,BMW,X5,xDrive40d,,,2993,313,4886,2184,1762,,5,,,Diesel,Executive Motors Ltd.,,,,,,,,
47,SUV,BMW,X5,M50d,,,2993,313,4886,2184,1762,,5,,,Diesel,Executive Motors Ltd.,,,,,,,,
48,Sedan,Mercedes-Benz,B Class,1.6L,,,1595,120,,,,,,70,,,Rancon Motors Ltd.,,,,,,,,
49,Sedan,Mercedes-Benz,C Class,C160,,17,1595,129,4686,2020,1442,,5,75,RWD,Petrol,Rancon Motors Ltd.,,,,,,,,
50,Sedan,Mercedes-Benz,E Class,E180,,15,1595,154,4923,2065,1468,,5,,RWD,Petrol,Rancon Motors Ltd.,,,,,,,,
51,Sedan,Mercedes-Benz,E Class,E200,,14,1991,181,4923,2065,1468,,5,,RWD,Petrol,Rancon Motors Ltd.,,,,,,,,
52,Sedan,Mercedes-Benz,CLA,CLA 45 AMG,,13,1991,381,4640,2032,1432,,5,,AWD,Petrol,Rancon Motors Ltd.,,,,,,,,
53,Sedan,Mercedes-Benz,S Class,S 300 H,,,,,,,,,,,,,Rancon Motors Ltd.,,,,,,,,
54,SUV,Mercedes-Benz,G Class,G 350 BlueTEC,,9,2987,207,4662,2056,1954,,,,AWD,Diesel,Rancon Motors Ltd.,,,,,,,,
55,SUV,Mercedes-Benz,G Class,G 500,,3,3982,415,4662,2056,1954,,,,AWD,Petrol,Rancon Motors Ltd.,,,,,,,,
56,SUV,Mercedes-Benz,GLA,180,,16,1595,122,4417,2022,1494,,,,,Petrol,Rancon Motors Ltd.,,,,,,,,
57,SUV,Mercedes-Benz,GLA,200,,16,1595,156,4417,2022,1494,,,,,Petrol,Rancon Motors Ltd.,,,,,,,,
58,SUV,Mercedes-Benz,GLA,250,,15,1991,211,4417,2022,1494,,,,,Petrol,Rancon Motors Ltd.,,,,,,,,
59,SUV,Mercedes-Benz,GLA,250 4MATIC,,13,1991,211,4417,2022,1494,,,,,Petrol,Rancon Motors Ltd.,,,,,,,,
60,SUV,Mercedes-Benz,GLA,AMG GLA 45 4MATIC,,12,1991,381,4417,2022,1494,,,,,Petrol,Rancon Motors Ltd.,,,,,,,,
61,SUV,Mercedes-Benz,GLA,180 d,,23,1461,109,4417,2022,1494,,,65,,Diesel,Rancon Motors Ltd.,,,,,,,,
62,SUV,Mercedes-Benz,GLA,200 d,,22,2143,136,4417,2022,1494,,,,,Diesel,Rancon Motors Ltd.,,,,,,,,
63,SUV,Mercedes-Benz,GLA,200 d 4MATIC,,20,2143,136,4417,2022,1494,,,,,Diesel,Rancon Motors Ltd.,,,,,,,,
64,SUV,Mercedes-Benz,GLA,220 d 4MATIC,,18,2143,177,4417,2022,1494,,,,,Diesel,Rancon Motors Ltd.,,,,,,,,
65,SUV,Mercedes-Benz,GLC,GLC300,,,,,,,,,,,,,Rancon Motors Ltd.,,,,,,,,
66,SUV,Mercedes-Benz,GLE,250 D,,,,,,,,,,,,,Rancon Motors Ltd.,,,,,,,,
67,Hatchback,Honda,Jazz,1.5L,,22,1498,128,3955,1694,1524,135,5,24,,Petrol,DHS Motors Ltd.,,,,,,,,
68,Sedan,Honda,Accord,2.0L,,13,1997,152,4890,1850,1465,150,5,60,,,DHS Motors Ltd.,,,,,,,,
69,Sedan,Honda,Accord,2.4L,,12,2356,172,4890,1850,1465,150,5,,,,DHS Motors Ltd.,,,,,,,,
70,Sedan,Honda,City,1.5L,,16,1497,118,4455,1700,1492,150,5,,,,DHS Motors Ltd.,,,,,,,,
71,Hatchback,Honda,Civic,1.5L,,10,1498,170,4644,1799,1416,135,5,40.5,,,DHS Motors Ltd.,,,,,,,,
72,SUV,Honda,HR-V,1.5L,,18,1497,118,4294,1772,1605,170,5,36,,Petrol,DHS Motors Ltd.,,,,,,,,
73,SUV,Honda,CR-V,1.5L,,8,1498,190,4584,1855,1689,208,5,,,Petrol,DHS Motors Ltd.,,,,,,,,
74,Sedan,Toyota,Vios,NSP151R,,,1496,107,4425,1730,1495,133,5,,,Petrol,Navana Ltd.,,,,,,,,
75,Sedan,Toyota,Yaris,Gade G 1.3L,Thailand,,1299,84,4410,1700,1495,165,5,,,Petrol,Navana Ltd.,,,,,,,,
76,Sedan,Toyota,Yaris,Grade E 1.3L,Thailand,,1299,84,4410,1700,1495,165,5,28.5,,Petrol,Navana Ltd.,,,,,,,,
77,Sedan,Toyota,Yaris,1.5L,Thailand,,1496,107,4410,1700,1495,165,5,32.5,,Petrol,Navana Ltd.,,,,,,,,
78,Sedan,Toyota,Altis,16-Valve Dual VVT-i,,,1598,120,,,,,,37,,Petrol,Navana Ltd.,,,,,,,,
79,MPV,Toyota,Avanza,1.3L,,,1329,95,4190,1660,1695,180,7,,,Petrol,Navana Ltd.,,,,,,,,
80,MPV,Toyota,Avanza,1.5L,,,1496,103,4200,1660,1695,180,7,32.5,,Petrol,Navana Ltd.,,,,,,,,
81,Sedan,Toyota,Camry,2.5L,,,2494,202,4850,1825,1480,160,5,89,,Petrol,Navana Ltd.,,,,,,,,
82,SUV,Toyota,Rush,16V 1.5L,,,1496,103,4435,1695,1705,220,7,37.5,,Petrol,Navana Ltd.,,,,,,,,
83,SUV,Toyota,RAV4,2.0L 2WD,,,1987,145,4605,1845,1685,180,5,,2WD,Petrol,Navana Ltd.,,,,,,,,
84,SUV,Toyota,RAV4,2.0L 4WD,,,1987,145,4605,1845,1685,180,5,,4WD,Petrol,Navana Ltd.,,,,,,,,
85,SUV,Toyota,RAV4,2.5L,,,2494,179,4605,1845,1685,190,5,,4WD,Petrol,Navana Ltd.,,,,,,,,
86,SUV,Toyota,Fortuner,2TR-FE,Thailand,,2694,166,4795,1855,1835,279,7,190,4WD,Petrol,Navana Ltd.,,,,,,,,
87,SUV,Toyota,Land Cruiser,Prado 4.0L GXR,,,4000,271,5095,1980,1930,,8,,4WD,,Navana Ltd.,,,,,,,,
88,Microbus,Toyota,Hiace,12/15 Seater,,,2694,149,4695,1695,1980,185,12,40.5,,Petrol,Navana Ltd.,,,,,,,,
89,Microbus,Toyota,Hiace,16 Seater,,,2986,91,5380,1880,2285,185,16,38.5,,Diesel,Navana Ltd.,,,,,,,,
90,Pick Up,Toyota,Hilux,Double Cabin,Thailand,,2393,100,5330,1855,1815,286,3,57,4WD,Diesel,Navana Ltd.,,,,,,,,
91,SUV,Foday,Explorer,3,China,,2200,,,,,,7,22.2,,,Ma Enterprise,,,,,,,,
92,SUV,Foday,Landfort,D19TCID1,Bangladesh,,1850,134,4771,1870,1828,217,7,45,4WD,Diesel,Ma Enterprise,,,,,,,,
93,Pick Up,Foday,Lion,F22,Bangladesh,,1850,134,5219,1870,1844,,5,28.5,4WD,Diesel,Ma Enterprise,,,,,,,,
94,Pick Up,Foday,Lion,F16,China,,,,,,,,,22.5,,,Ma Enterprise,,,,,,,,
95,SUV,BAIC,X25,2018,China,15,1500,114,4110,1750,1583,,5,19,FWD,Petrol,Ma Enterprise,,,,,,,,
96,SUV,Landwind,X5,2.0L,China,11,1997,177,4568,1855,1710,190,5,32,FWD,Petrol,Rancon Motors Ltd.,,,,,,,,
97,Sedan,Mitsubishi,Attrage,3 Cyl DOHC,Thailand,21,1193,76,4245,1670,1515,,5,16.5,FWD,,Rangs Limited,,,,,,,,
98,Sedan,Mitsubishi,Lancer EX,1.6 MIVEC,Japan,,1590,115,4570,1760,1480,140,5,26.5,,Petrol,Rangs Limited,,,,,,,,
99,SUV,Mitsubishi,Eclipse,2WD Cross 3,,15,1499,160,4405,1805,1685,183,5,,2WD,Petrol,Rangs Limited,,,,,,,,
100,SUV,Mitsubishi,Eclipse,4WD Cross 3,,14,1499,160,4405,1805,1685,183,5,,4WD,Petrol,Rangs Limited,,,,,,,,
101,SUV,Mitsubishi,Eclipse,4WD Cross 4,,14,1499,160,4405,1805,1685,183,5,,4WD,Petrol,Rangs Limited,,,,,,,,
102,SUV,Mitsubishi,ASX,2WD,,,1998,134,4365,1810,1630,195,5,55.2,2WD,,Pragoti Industries Ltd.,,,,,,,,
103,SUV,Mitsubishi,ASX,4WD,,,1998,134,4365,1810,1630,195,5,,4WD,,Pragoti Industries Ltd.,,,,,,,,
104,SUV,Mitsubishi,Outlander,7 Seater,Thailand,,1998,143,4695,1810,1710,190,7,52,4WD,Petrol,Rangs Limited,,,,,,,,
105,SUV,Mitsubishi,Pajero,Sport,Bangladesh,,2477,134,4785,1815,1805,218,7,100,4WD,Diesel,Pragoti Industries Ltd.,,,,,,,,
106,SUV,Mitsubishi,Pajero,GLS,Japan,,2972,181,4900,1875,1900,235,7,118,4WD,,Rangs Limited,,,,,,,,
107,Pick Up,Mitsubishi,L200,4WD Double Cabin,Thailand,,2477,118,5200,1815,1780,210,5,48,4WD,Diesel,Rangs Limited,,,,,,,,
108,Pick Up,Mitsubishi,L200,2WD Double Cabin,Thailand,,,,5200,1785,1655,200,5,,2WD,Diesel,Rangs Limited,,,,,,,,
109,Pick Up,Mitsubishi,L200,4WD Single Cabin,Thailand,,,,5075,1785,1780,200,3,26,4WD,Diesel,Rangs Limited,,,,,,,,
110,Pick Up,Mitsubishi,L200,2WD Single Cabin,Thailand,,,,5075,1785,1655,200,3,,2WD,Diesel,Rangs Limited,,,,,,,,
111,Sedan,Nissan,Almera,1.5L,,,1498,,4455,1695,1515,,5,,FWD,Petrol,Pacific Motors Ltd.,,,,,,,,
112,Sedan,Nissan,Sylphy,1.6L,,,1598,114,4610,1760,1495,,5,,FWD,Petrol,Pacific Motors Ltd.,,,,,,,,
113,Sedan,Nissan,Teana,2.0L,,,1997,139,4868,1830,1483,,5,,FWD,Petrol,Pacific Motors Ltd.,,,,,,,,
114,SUV,Nissan,X-Trail,2.0L,,,1997,142,4640,1820,1710,,7,,4WD,Petrol,Pacific Motors Ltd.,,,,,,,,
115,SUV,Nissan,Patrol,5.6L,,,5552,394,5140,1995,1940,,7,,4WD,Petrol,Pacific Motors Ltd.,,,,,,,,
116,Microbus,Nissan,Urvan,12/15 Seater,,,2488,145,4695,1695,1990,,15,,,Petrol,Pacific Motors Ltd.,,,,,,,,
117,Microbus,Nissan,Urvan,16 Seater,,,2488,145,5230,1880,2285,,16,,,Petrol,Pacific Motors Ltd.,,,,,,,,
118,Pick Up,Nissan,Navara,NP 300,Thailand,,2488,160,5255,1850,1810,228,3,47.5,4WD,Diesel,Pacific Motors Ltd.,,,,,,,,
119,Hatchback,Hyundai,EON,0.8 MPi Speed Manual,,21,814,55,3495,1550,1500,,5,,,Petrol,HMBL,,,,,,,,
120,Hatchback,Hyundai,Grand i10,1.2 MPi 4-Speed,,,1197,82,3765,1660,1520,,5,,,Petrol,HMBL,,,,,,,,
121,Sedan,Hyundai,XCENT,Dual VTVT 4-speed,,,1197,82,3995,1660,1520,,5,,,Petrol,HMBL,,,,,,,,
122,Sedan,Hyundai,Accent,1.4 MPi,,,1368,99,4370,1700,1457,,5,,,Petrol,HMBL,,,,,,,,
123,Sedan,Hyundai,Elantra,1.6 MPi 6 Speed,,,1591,126,4570,1800,1450,,5,,,Petrol,HMBL,,,,,,,,
124,Sedan,Hyundai,Sonata,2.0 MPi 6 Speed,,,1999,155,4855,1865,1475,,5,,FWD,Petrol,HMBL,,,,,,,,
125,Sedan,Hyundai,Sonata,2.4 MPi 6 Speed,,,2359,176,4855,1865,1475,,5,,FWD,Petrol,HMBL,,,,,,,,
126,SUV,Hyundai,Tucson,2.0 MPi 6 Speed,,,1999,155,4475,1850,1660,,5,45,4WD,Petrol,HMBL,,,,,,,,
127,SUV,Hyundai,Santa Fe,2.4L MPi 6 Speed,,,2359,169,4700,1880,1690,,7,,4WD,Petrol,HMBL,,,,,,,,
128,Microbus,Hyundai,H-1,2.4 MPi 4-Speed,,,2359,172,5150,1920,1925,,12,,RWD,Petrol,HMBL,,,,,,,,
129,Microbus,Hyundai,H-1,2.5 CRDi 5-Speed,,,2497,171,5150,1920,1925,,12,,RWD,Diesel,HMBL,,,,,,,,
130,Pick Up,Isuzu,D-Max,Double Cabin,Thailand,,2499,134,5295,1860,1715,225,5,47,4WD,Diesel,Uttara Motors Ltd.,,,,,,,,
131,SUV,SsanYong,Tivoli,1.6L,South Korea,7.5,1597,126,4440,1798,1605,167,5,34,,Petrol,Millennium Ssangyong Motors Ltd.,,,,,,,,
132,SUV,SsanYong,Korando,2.0L,South Korea,,1998,147,4410,1830,1710,180,5,,AWD,Petrol,Millennium Ssangyong Motors Ltd.,,,,,,,,
133,SUV,SsanYong,Rexton W,Diesel 2.0,South Korea,,1998,153,4755,1900,1840,250,7,,4WD,Diesel,Millennium Ssangyong Motors Ltd.,,,,,,,,
134,SUV,SsanYong,Rexton W,Diesel 2.7,South Korea,,2696,163,4755,1900,1840,247,7,,4WD,Diesel,Millennium Ssangyong Motors Ltd.,,,,,,,,
135,SUV,SsanYong,Stavic,SV320 (Petrol),South Korea,,3199,217,5130,1915,1850,200,7,,2WD,Petrol,Millennium Ssangyong Motors Ltd.,,,,,,,,
136,SUV,SsanYong,Stavic,SV200 (Diesel),South Korea,,1998,153,5130,1915,1850,200,7,,2WD,Diesel,Millennium Ssangyong Motors Ltd.,,,,,,,,
137,Pick Up,SsanYong,Actyon Sports,2.0L Part Time 4WD,South Korea,,1998,153,4990,1910,1790,212,5,44,4WD,Diesel,Millennium Ssangyong Motors Ltd.,,,,,,,,
138,Sedan,Proton,Saga,Standard CVT,Bangladesh,18,1332,94,4331,1689,1491,,5,18.5,FWD,Petrol,PHP Automobiles Ltd.,,,,,,,,
139,Sedan,Proton,Preve,Executive CVT,Bangladesh,16,1597,107,4534,1786,1524,,5,25.5,FWD,Petrol,PHP Automobiles Ltd.,,,,,,,,
140,MPV,Proton,Exora,Executive CVT,,14,1561,138,4592,1809,1691,,7,,FWD,Petrol,PHP Automobiles Ltd.,,,,,,,,
141,Sedan,Tata,Tiago,Revotron 1.2L,,,1199,84,3746,1647,1535,170,5,,,Petrol,Nitol Motors Pvt. Ltd.,,,,,,,,
142,Sedan,Tata,GENX,Manual (XT),,,624,37,3164,1750,1652,180,4,,,Petrol,Nitol Motors Pvt. Ltd.,,,,,,,,
143,Sedan,Tata,GENX,Automatik (XTA),,,624,37,3164,1750,1652,180,4,,,Petrol,Nitol Motors Pvt. Ltd.,,,,,,,,
144,Sedan,Tata,Indigo,eCS,,,1405,69,3988,1620,1540,165,5,,,Diesel,Nitol Motors Pvt. Ltd.,,,,,,,,
145,Pick Up,Tata,Xenon,4x2 2.2L 148 SC,,,2179,148,4800,1860,1765,210,2,,2WD,Diesel,Nitol Motors Pvt. Ltd.,,,,,,,,
146,Pick Up,Tata,Xenon,4x4 2.2L 148 SC,,,2179,148,4800,1860,1765,210,2,,4WD,Diesel,Nitol Motors Pvt. Ltd.,,,,,,,,
147,Pick Up,Tata,Xenon,4x2 2.2L 140 SC,,,2179,140,4800,1860,1765,200,2,,2WD,Diesel,Nitol Motors Pvt. Ltd.,,,,,,,,
148,Pick Up,Tata,Xenon,4x4 2.2L 140 SC,,,2179,140,4800,1860,1765,200,2,,4WD,Diesel,Nitol Motors Pvt. Ltd.,,,,,,,,
149,Pick Up,Tata,Xenon,4x2 3.0L SC,,,2956,111,4800,1860,1765,210,2,,2WD,Diesel,Nitol Motors Pvt. Ltd.,,,,,,,,
150,Pick Up,Tata,Xenon,4x4 3.0L SC,,,2956,111,4800,1860,1765,210,2,,4WD,Diesel,Nitol Motors Pvt. Ltd.,,,,,,,,
151,Pick Up,Tata,Xenon,4x2 2.2L 148 DC,,,2179,148,5125,1860,1765,210,5,,2WD,Diesel,Nitol Motors Pvt. Ltd.,,,,,,,,
152,Pick Up,Tata,Xenon,4x4 2.2L 148 DC,,,2179,148,5125,1860,1765,210,5,,4WD,Diesel,Nitol Motors Pvt. Ltd.,,,,,,,,
153,Pick Up,Tata,Xenon,4x2 2.2L 140 DC,,,2179,140,5125,1860,1765,200,5,,2WD,Diesel,Nitol Motors Pvt. Ltd.,,,,,,,,
154,Pick Up,Tata,Xenon,4x4 2.2L 140 DC,,,2179,140,5125,1860,1765,200,5,,4WD,Diesel,Nitol Motors Pvt. Ltd.,,,,,,,,
155,Pick Up,Tata,Xenon,4x2 3.0L DC,,,2956,111,5125,1860,1765,210,5,,2WD,Diesel,Nitol Motors Pvt. Ltd.,,,,,,,,
156,Pick Up,Tata,Xenon,4x4 3.0L DC,,,2956,111,5125,1860,1765,210,5,,4WD,Diesel,Nitol Motors Pvt. Ltd.,,,,,,,,
157,Pick Up,Tata,207 DI,207 DI EX,,,2956,70,5182,1860,1785,210,2,,,Diesel,Nitol Motors Pvt. Ltd.,,,,,,,,
158,Pick Up,Tata,207 DI,207 DI RX,,,2956,65,5182,1860,1790,210,2,,,Diesel,Nitol Motors Pvt. Ltd.,,,,,,,,
159,SUV,Renault,Kwid,1.0L,India,,999,67,3679,1579,1478,180,5,12.5,2WD,Petrol,Karnaphuli Wheels Ltd.,,,,,,,,
160,SUV,Renault,Duster,1.5 H4K CVT,India,,1498,104,4315,1822,1695,205,5,33,2WD,Petrol,Karnaphuli Wheels Ltd.,,,,,,,,
161,SUV,Renault,Duster,1.5 dCi 85 PS,India,,1461,84,4315,1822,1695,205,5,34,2WD,Diesel,Karnaphuli Wheels Ltd.,,,,,,,,
162,SUV,Renault,Duster,1.5 dCi 110 PS,India,,1461,108,4315,1822,1695,205,5,,2WD,Diesel,Karnaphuli Wheels Ltd.,,,,,,,,
163,SUV,Renault,Duster,1.5 dCi 110 PS AWD,India,,1461,108,4315,1822,1695,210,5,,AWD,Diesel,Karnaphuli Wheels Ltd.,,,,,,,,
164,SUV,Mahindra,Scorpio SUV,2.2L,Bangladesh,,2179,118,,,,,7,46,4WD,Diesel,Pragoti Industries Ltd.,,,,,,,,
165,Pick Up,Mahindra,Scorpio Pick Up,2.2L,Bangladesh,,2179,118,,,,,5,30.5,4WD,Diesel,Pragoti Industries Ltd.,,,,,,,,
166,Pick Up,Mahindra,Camper Gold,Double Cabin,India,,2523,,,,,,,23.75,,Diesel,Rancon Motors Ltd.,,,,,,,,
167,SUV,Mahindra,TUV 300,T4+ MT,India,,1500,,3995,1835,1817,,7,22.5,FWD,Diesel,Rancon Autos Ltd.,,,,,,,,
168,SUV,Mahindra,TUV 300,T8 AMT,India,,1500,,3995,1835,1817,,7,26.5,FWD,Diesel,Rancon Autos Ltd.,,,,,,,,
169,SUV,Mahindra,Bolero,Power+ SLX,India,,1493,70,,,,,7,20.5,FWD,Diesel,Rancon Autos Ltd.,,,,,,,,
170,SUV,Mahindra,NuvoSport,N6,India,,1500,,,,,,7,25.75,FWD,Diesel,Rancon Autos Ltd.,,,,,,,,
171,SUV,Haval,H2,Premium 2WD,China,,1497,147,4335,1814,1695,133,5,,2WD,Petrol,Ace Autos Pvt. Ltd.,,,,,,,,
172,SUV,Haval,H2,Luxury 2WD,China,,1497,147,4335,1814,1695,133,5,,2WD,Petrol,Ace Autos Pvt. Ltd.,,,,,,,,
173,SUV,Haval,H2,Premium 4WD,China,,1497,147,4335,1814,1695,133,5,,4WD,Petrol,Ace Autos Pvt. Ltd.,,,,,,,,
174,SUV,Haval,H2,Luxury 4WD,China,,1497,147,4335,1814,1695,133,5,,4WD,Petrol,Ace Autos Pvt. Ltd.,,,,,,,,
175,SUV,Haval,H6,Premium,China,,2000,194,4549,1835,1700,,5,,,Petrol,Ace Autos Pvt. Ltd.,,,,,,,,
176,SUV,Haval,H6,Luxury,China,,2000,194,4549,1835,1700,,5,,,Petrol,Ace Autos Pvt. Ltd.,,,,,,,,
177,SUV,Haval,H9,Premium,China,,2000,241,4856,1926,1900,206,7,52,4WD,Petrol,Ace Autos Pvt. Ltd.,,,,,,,,
178,SUV,Haval,H9,Luxury,China,,2000,241,4856,1926,1900,206,7,58,4WD,Petrol,Ace Autos Pvt. Ltd.,,,,,,,,
179,Pick Up,Greatwall,Wingle 6,Luxury 2WD 4G69,China,,2378,120,5345,1800,1760,160,5,,2WD,Petrol,Ace Autos Pvt. Ltd.,,,,,,,,
180,Pick Up,Greatwall,Wingle 6,Dignity 2WD 4G69,China,,2378,120,5345,1800,1760,160,5,,2WD,Petrol,Ace Autos Pvt. Ltd.,,,,,,,,
181,Pick Up,Greatwall,Wingle 6,Luxury 4WD 4G69,China,,2378,120,5345,1800,1760,160,5,,4WD,Petrol,Ace Autos Pvt. Ltd.,,,,,,,,
182,Pick Up,Greatwall,Wingle 6,Dignity 4WD 4G69,China,,2378,120,5345,1800,1760,160,5,,4WD,Petrol,Ace Autos Pvt. Ltd.,,,,,,,,
183,Pick Up,Greatwall,Wingle 6,Luxury 2WD 4D20,China,,1996,141,5345,1800,1760,160,5,,2WD,Diesel,Ace Autos Pvt. Ltd.,,,,,,,,
184,Pick Up,Greatwall,Wingle 6,Dignity 2WD 4D20,China,,1996,141,5345,1800,1760,160,5,,2WD,Diesel,Ace Autos Pvt. Ltd.,,,,,,,,
185,Pick Up,Greatwall,Wingle 6,Luxury 4WD 4D20,China,,1996,141,5345,1800,1760,160,5,,4WD,Diesel,Ace Autos Pvt. Ltd.,,,,,,,,
186,Pick Up,Greatwall,Wingle 6,Dignity 4WD 4D20,China,,1996,141,5345,1800,1760,160,5,,4WD,Diesel,Ace Autos Pvt. Ltd.,,,,,,,,
187,Hatchback,Suzuki,Alto,800 Lxi,India,,796,47,3495,1475,1460,,5,8.7,,Petrol,Uttara Motors Ltd.,,,,,,,,
188,Hatchback,Suzuki,Alto,K-10,India,,998,67,3545,1490,1475,160,5,11.5,,Petrol,Uttara Motors Ltd.,,,,,,,,
189,Hatchback,Suzuki,WagonR,1.0L,India,,998,68,3599,1495,1700,,5,12.75,,Petrol,Uttara Motors Ltd.,,,,,,,,
190,Hatchback,Suzuki,Swift,1.2L,India,,1197,85,3850,1695,1530,170,5,,,Petrol,Uttara Motors Ltd.,,,,,,,,
191,Sedan,Suzuki,Swift,Dzire,India,,1197,85,3995,1695,1555,170,5,,,Petrol,Uttara Motors Ltd.,,,,,,,,
192,Sedan,Suzuki,Ciaz,1.4L,India,,1373,91,4490,1730,1485,170,5,,,Petrol,Uttara Motors Ltd.,,,,,,,,
193,MPV,Suzuki,Ertiga,1.4L,India,,1373,91,4265,1695,1685,185,7,,,Petrol,Uttara Motors Ltd.,,,,,,,,
194,SUV,Suzuki,Grand Vitara,2.0L,,,1995,138,4470,1810,1695,200,5,,,Petrol,Uttara Motors Ltd.,,,,,,,,
195,Microbus,Suzuki,Omni,0.8L,,,796,35,3370,1410,1640,165,,,,,Uttara Motors Ltd.,,,,,,,,
196,Microbus,Suzuki,APV,1.6L,,,1590,,4230,1655,1865,,8,,,Petrol,Uttara Motors Ltd.,,,,,,,,
197,Sedan,Kia,Optima,2.0L,South Korea,,2000,157,,,,,,,,,,,,,,,,,
198,SUV,Kia,Sportage,Compact SUV,South Korea,,,,,,,,,,,,,,,,,,,,